A,D,,
all_games7700Dragon Star Varnir,PS4_id_5580Dragon Star Varnir,1:0,
all_games7755Crossingsouls,PS4_id_7959Crossing Souls,1:0,
all_games7825 Attack on Titan 2,PS4_id_3921Attack on Titan 2,1:0,
all_games7872Carti,PS4_id_7583Carto,1:0,
all_games8619Cat Quest,PS4_id_7621Cat Quest,1:0,
all_games8680Battlefield Hardline,PS4_id_8264Battlefield Hardline,1:0,
all_games8802Lumo,PS4_id_7413Lumo,1:0,
all_games8877Never Alone,PS4_id_8822Never Alone (Kisima Ingitchuna),1:0,corner case
all_games9523GreedFall,PS4_id_6374GreedFall (PS4),1:0,corner case
all_games9638Demon Slayer -Kimetsu no Yaiba- The Hinokami Chronicles,PS4_id_5299Demon Slayer -Kimetsu no Yaiba- The Hinokami Chronicles (PS4),1:0,corner case
all_games7700Dragon Star Varnir,PS4_id_7836Concrete Genie,0:2,
all_games7498Killing Floor 2,PS4_id_6989Killing Floor 2,0:2,
all_games9289Heroland,PS4_id_6638Heroland,0:2,
all_games9486Senko no Ronde 2,PS4_id_4130Senko no Ronde 2,0:2,
all_games9598PixelJunk Monsters 2,PS4_id_2903PixelJunk Monsters 2,0:2,
all_games9761They Are Billions,PS4_id_1704They Are Billions,0:2,
all_games10236Aragami,PS4_id_3619Aragami,0:2,
all_games10254Farpoint,PS4_id_5817Farpoint,0:2,
all_games10360Portal knights,PS4_id_2999Portal Knights,0:2,
all_games10383Sublevel Zero Redux,PS4_id_4787Sublevel Zero Redux,0:2,
all_games10450Samurai Warriors 4 Empires,PS4_id_4048Samurai Warriors 4 Empires,0:2,
all_games10581Knowledge is Power,PS4_id_7067Knowledge is Power,0:2,
all_games10055Deponia,PS4_id_5315Deponia,0:2,
all_games10135Blackwood Crossing,PS4_id_8413Blackwood Crossing,1:0,
all_games11288West of Dead,PS4_id_152West of Dead,0:1,
all_games11265Pure Farming 2018,PS4_id_3144Pure Farming 2018,0:1,
all_games11092Tropico 6,PS4_id_1989Tropico 6,0:1,
